{
  "baseline_label": "sg4x5",
  "candidate_label": "ga_refit",
  "normalized_root": "/Users/mathewyoussef/Desktop/extremophile_detection/Data/Raw_Normalize/detection_pipeline/outputs/raw_normalized",
  "wavelength_min": 300.0,
  "wavelength_max": 600.0,
  "num_spectra": 60,
  "metrics": {
    "baseline": {
      "robust_snr_db": 60.0,
      "high_freq_energy": 0.002023989003031886,
      "residual_rms": 1.3849589043271427e-16,
      "curvature_penalty": 0.0030349775996204396,
      "change_fraction": 5.9368042919164835e-16
    },
    "candidate": {
      "robust_snr_db": 48.095109386593585,
      "high_freq_energy": 0.0018405740427680786,
      "residual_rms": 0.0009290562456385774,
      "curvature_penalty": 0.0016412127536821525,
      "change_fraction": 0.002940257759188812
    },
    "delta": {
      "robust_snr_db": -11.904890613406415,
      "high_freq_energy": -0.0001834149602638073,
      "residual_rms": 0.000929056245638439,
      "curvature_penalty": -0.0013937648459382871,
      "change_fraction": 0.0029402577591882183
    }
  },
  "input_files": {
    "baseline": "/Users/mathewyoussef/Desktop/extremophile_detection/Data/GA_denoise_selector/output/smoothed_sg_order4_window5.csv",
    "candidate": "/Users/mathewyoussef/Desktop/extremophile_detection/Data/GA_denoise_selector/output/smoothed_OPT.csv"
  }
}